{"pUXETuUsxSUKK8Zyin3RJA==":"dinosaur1.png","Yv3JHfsPg4zuTO/9hway4g==":"baby1.jpg","3Bvi1Iib8QXCOkwF0UWNlw==":"children.jpg","c6ZjXyqGKx9fdQl8BqC+Ig==":"father2.jpg","mB5azaLrpvfwyT+et/gJ5w==":"family1.jpg","QxZOB1Z3xTaWKHgOisQ1+Q==":"family2.jpg","0BGeLja/DMrplHV5RuEP+g==":"family3.jpg","7B7ecqMEDKu33TxQ1ERb9A==":"baby2.jpg","S9uwV6dKo+lfNEevXDopuA==":"mbr-156x104.jpg","luS4+EqVxvcREky/ZYWV4w==":"mbr-1125x750.jpg","zJIqYeUJtDRSnHp1tMqDWQ==":"cropped-developing-minds-logo-education-png-clear-524x234.png","mLIozK0JX+n7qZbp6wrgIQ==":"mbr-925x523.png","hp/hA5vIShxTYssMCv4/4w==":"mbr-925x501.png","xtHc6oLL+ykFntBpZuTNdw==":"mbr-1-925x501.png","/lmk73UqrJmI63Rmh7IYTg==":"cropped-developing-minds-logo-education-png-clear%20(1)-925x335.png","QBqkNLAiJ+gAY6uwFTdWpQ==":"cropped-developing-minds-logo-education-png-clear%20(1)-925x335.png","h+4ewZYUKGVChWeR9RGDiw==":"cropped-developing-minds-logo-education-png-clear%20(1)-925x335.png","Ad7ZiTbUpDmIfk4HAK/d4A==":"mbr-925x617.jpg","/7Vym6sb9OtjMwzE3J17oA==":"mbr-160x110.png","IU9aEmadMcgAmE5Xhu2jlQ==":"mbr-160x107.jpg","kgCJzMok5NGzZmzJ3MvMgA==":"mbr-160x172.png","wtAsFW/Xbb4u+mtl5AxEyg==":"mbr-160x146.png","XHd0Fj/d64/d7BJJ+kqDWw==":"mbr-160x100.png","GvH/vnnyp2PlZoAsxAUfKQ==":"mbr-160x111.png","1uoo7AHPNscQMQa+ZbaACw==":"mbr-160x157.png","z9RM6rNCDe02A/mJ1mfviQ==":"mbr-160x133.png","7uVuLVcW/SKdvyeyPcHFbg==":"cropped-developing-minds-logo-education-png-clear%20(1)-925x335.png","09RxAhRvTnZAicHKf53chw==":"cropped-developing-minds-logo-education-png-clear%20(1)-925x335.png","XsOqz4idS8wlR7y8SV1dIA==":"cropped-developing-minds-logo-education-png-clear%20(1)-486x176.png","sHQp7tDsEMsVJCRXtO5I3A==":"mbr-2-816x544.jpg","FJWoojVg2ZdnAgsHuPGBfw==":"mbr-3-816x544.jpg","Yxx2Jflr9oZS9xQ3qTNV0Q==":"mbr-4-816x544.jpg","GzluRcW0vPxAsBsThcsITA==":"mbr-1-816x544.jpg","UdD6ErKfffgnIW+IxE5iiw==":"mbr-594x307.jpg","SCwkKJDa+X7ElNR4zW1ENw==":"mbr-1920x1280.jpg","sAsp8ilhkPgqJYgsULglfg==":"img-20220208-wa0210-150x150.jpg","ENkKh8REvYtmihglceOUHg==":"img-20220208-wa0221-150x150.jpg","lqduxEdyeJojPW+uYopv6Q==":"img-20220208-wa0221-150x150.jpeg","uN/RJQgmGyO2nkeCVfWC/g==":"develop-267x300.jpg","+tIYUY5tFX2WlHbqnn8mjg==":"develop-267x300.jpeg","SlKPg5KITTCBWJVHWEfBvQ==":"mbr-1200x1401.png","il5iBrrGjZE5G4bBT2ZSVg==":"mbr-1920x1374.png","Cf3ezWC3E0Inkdk3zXQ8JA==":"mbr-80x53.jpg","fXkiA5aAmFqdS3KOxf8ALg==":"mbr-80x59.png","Ikk7vKwS/hfdBR00v51aJg==":"mbr-80x61.png","Yj8OPN/EcCxzvL9+Ky20vA==":"mbr-1920x1480.png","nxbOCQoujSjOC40H/sJfWQ==":"mbr-1282x1920.jpg","KToYWlyOukIhLgkq3fOeTA==":"mbr-1920x1920.jpg","XUinSripiLfxxNv/gwk+6w==":"children.jpg","Cx14RIDzxcmZx5cXd6HTuA==":"gallery04.jpg","q/L/KjcYYUw7NgDSkyob8g==":"gallery01.jpg","DSk4Jfus9aW48cpJ6PLIlg==":"gallery00.jpg","OjTTcTZxDBYHaB94FadEDA==":"gallery02.jpg","pomoXMf0zglLTfRFjjoNqw==":"gallery03.jpg","k35nxMQ5O4rl5gjmE4yxug==":"gallery05.jpg","pwpO69oneOcQmUw1a03hbw==":"green.svg","Z4oRT6yVk3X1+1vgzsb8Zg==":"bg1-1-1920x1356.jpg","E73K+iRkvKl8HNHN2tLLXA==":"school.jpg","dJWXnC5FZG3rJ8EcZPFg8Q==":"1-people.jpg","+IA5jjNKgEHA8JOUUKbzyg==":"02.jpg","DobWkHVSBBymndPhect3Sw==":"01.jpg","4qQc5VYJKujVFuQFpOb9kQ==":"03.jpg","Y2Gr2iF8xccAzf9E69v83g==":"background2.jpg","EUfIRW2U9stdZ3EjU3OA7g==":"whatsapp-image-2022-09-06-at-12.04.48-1-540x761.jpg","+jrk9LZednZgecenIsDT8A==":"holiday-catch-up-722x1024.png","wIFeAGZT5ETptAwqrR7znQ==":"homework-supervision-programme-724x1024.jpg","2ji3HWZwfzgS+g+uLXvWXw==":"homework-supervision-programme-724x1024.jpeg","NEme1P+LjXno21St1owGsg==":"holiday-catch-up-1-722x1024.png","PZMcWan5lUFtu8nKfXDhxA==":"0001-724x1024.jpg","TmYcxIjNAM3WeFGuGbRJdQ==":"0001-724x1024.jpeg","OKtx6etORcdksWSl3fnzuQ==":"image3.jpg","1UY6ezP3DdJx7h3WCvqHAQ==":"image7.jpg","6txA+6t69RYLhBAFRDwm8A==":"background3.jpg","348qVNdMR6FNlXshE016sg==":"thumbnail-714x1024.jpg","JayPqdPlVGicRblEve9oRA==":"whatsapp-image-2021-12-07-at-14.17.58-667x934.jpg","/p4QPbTaaXwXcwfPBrhdmA==":"whatsapp-image-2022-09-06-at-12.04.48-730x1024.jpg","QuspmZ7yDGlb6Do5VEAW1g==":"simple-reminders-for-everyone-724x1024.jpg","TR7j+whjfgbQIcxUi6mYpw==":"img-20220710-wa0069-721x1280.jpg","/Q3V4YUrmKFlxcE8Q5yxog==":"img-20220208-wa0206-150x150.jpg","SvHRau9d2g0zx3U0+ATydQ==":"img-20220208-wa0206-150x150.jpeg","v15HavtwohMokUG+vN7hZQ==":"djmsedfggveloping-500x250.png","mJLYYLoKtKSUIyH8lDHeVA==":"develovvping.svg","tOm8XIwvBv/aK7h9FpbS9g==":"dhtfeveloping.svg","glKN+isahzNZ2QyCZhsW5Q==":"img-20220531-wa0255-400x348.jpg","JJo+UOwK0ilaa53C9GzBvQ==":"img-20220531-wa0263-612x1279.jpg","6qtcbAiegrRWXSCT+lQCzQ==":"img-20220301-wa0118-1-612x816.jpg","WYtIQgfSyQ76c2UgnKvluA==":"img-20220531-wa0289-612x816.jpg","W5wYBEe5otsEZgk6Sbr6Wg==":"img-20220531-wa0252-612x1280.jpg","kzf0sbTQRaFEWR4gDmR9pw==":"img-20220531-wa0290-612x816.jpg","IR50eEAa/gjv9e3Jv2cWTg==":"background1.jpg","hqoBiNyA2EBezOEM2BZ82A==":"img-20220531-wa0281-612x816.jpg","H2bve0ODJmsRg3KRmmS71A==":"img-20220208-wa0212-612x816.jpg","JV1q8nqz1W5rpCS0ZQpY1w==":"img-20220531-wa0253-612x320.jpg","gNk0sUo287x0gh/Hj409TA==":"img-20220208-wa0223-612x816.jpg","sXBPbgZgpMx4Rk0lEgW2Gg==":"img-20220531-wa0288-612x816.jpg","NlbpfvT9d76b8pZoIKP5ag==":"img-20220208-wa0224-612x612.jpg","izRcozRp72olM3jJhHq26g==":"img-20220301-wa0117-1-150x150.jpg","kDb1AuicQ6+F4X0lhFHVGg==":"img-20220531-wa0259-150x150.jpg","RqZeVMBw3YYNX225K4Jd+Q==":"img-20220301-wa0115-1-150x150.jpg","5kCgPINpSmTbCkqQUXv/gQ==":"img-20220222-wa0058-150x150.jpg","XTmFytZvD3OdzStsGxvUww==":"img-20220222-wa0058-150x150.jpeg"}